{"text_lines": [{"x0": 215.0, "y0": 189.0, "x1": 474.0, "y1": 182.0, "x2": 474.0, "y2": 214.0, "x3": 215.0, "y3": 221.0, "score": 0.38499795299974704}, {"x0": 359.0, "y0": 221.0, "x1": 442.0, "y1": 220.0, "x2": 443.0, "y2": 248.0, "x3": 359.0, "y3": 249.0, "score": 0.3299195447805453}, {"x0": 995.0, "y0": 811.0, "x1": 1053.0, "y1": 834.0, "x2": 1048.0, "y2": 849.0, "x3": 989.0, "y3": 826.0, "score": 0.22355925259618328}, {"x0": 1171.0, "y0": 569.0, "x1": 1204.0, "y1": 568.0, "x2": 1204.0, "y2": 581.0, "x3": 1171.0, "y3": 581.0, "score": 0.19694179224997868}], "rtparams": {"start_time": "2018-03-24T16:52:02.159896", "image_size": "1920x1080", "working_size": "1920x1024"}, "timing": {"net": 10.189193725585938, "restore": 0.002001523971557617, "nms": 0.22415876388549805, "overall": 10.418354988098145}}