{"text_lines": [{"x0": 489.0, "y0": 616.0, "x1": 607.0, "y1": 616.0, "x2": 607.0, "y2": 633.0, "x3": 489.0, "y3": 633.0, "score": 0.35598375658831843}], "rtparams": {"start_time": "2018-03-24T16:45:44.516304", "image_size": "730x774", "working_size": "672x736"}, "timing": {"net": 2.5548043251037598, "restore": 0.0, "nms": 0.01601123809814453, "overall": 2.571815252304077}}