{"text_lines": [{"x0": 467.0, "y0": 358.0, "x1": 567.0, "y1": 357.0, "x2": 567.0, "y2": 384.0, "x3": 468.0, "y3": 386.0, "score": 0.3140576135838491}], "rtparams": {"start_time": "2018-03-24T16:41:25.266459", "image_size": "743x1200", "working_size": "704x1152"}, "timing": {"net": 4.172945499420166, "restore": 0.0010008811950683594, "nms": 0.02201557159423828, "overall": 4.198950290679932}}