{"text_lines": [{"x0": 171.0, "y0": 328.0, "x1": 200.0, "y1": 328.0, "x2": 199.0, "y2": 379.0, "x3": 170.0, "y3": 379.0, "score": 0.13122879905807305}], "rtparams": {"start_time": "2018-03-24T16:04:40.531565", "image_size": "600x743", "working_size": "544x704"}, "timing": {"net": 2.0174245834350586, "restore": 0.0010004043579101562, "nms": 0.010005950927734375, "overall": 2.0294229984283447}}