{"text_lines": [{"x0": 219.0, "y0": 176.0, "x1": 285.0, "y1": 175.0, "x2": 285.0, "y2": 193.0, "x3": 219.0, "y3": 194.0, "score": 0.21841562436251288}, {"x0": 78.0, "y0": 102.0, "x1": 210.0, "y1": 101.0, "x2": 210.0, "y2": 117.0, "x3": 78.0, "y3": 119.0, "score": 0.13008620628112097}, {"x0": 217.0, "y0": 103.0, "x1": 288.0, "y1": 102.0, "x2": 288.0, "y2": 117.0, "x3": 218.0, "y3": 117.0, "score": 0.19332323012074537}], "rtparams": {"start_time": "2018-03-24T16:42:44.653279", "image_size": "372x600", "working_size": "320x544"}, "timing": {"net": 0.9196362495422363, "restore": 0.0, "nms": 0.018012523651123047, "overall": 0.9386491775512695}}