{"text_lines": [{"x0": 332.0, "y0": 395.0, "x1": 389.0, "y1": 396.0, "x2": 389.0, "y2": 431.0, "x3": 331.0, "y3": 430.0, "score": 0.23370399328748778}], "rtparams": {"start_time": "2018-03-24T16:06:54.420117", "image_size": "743x600", "working_size": "704x544"}, "timing": {"net": 1.931363582611084, "restore": 0.0010004043579101562, "nms": 0.010007619857788086, "overall": 1.9443597793579102}}