{"text_lines": [{"x0": 355.0, "y0": 171.0, "x1": 408.0, "y1": 169.0, "x2": 409.0, "y2": 200.0, "x3": 356.0, "y3": 201.0, "score": 0.2209266072357175}], "rtparams": {"start_time": "2018-03-24T16:07:19.075173", "image_size": "743x600", "working_size": "704x544"}, "timing": {"net": 1.9834012985229492, "restore": 0.001001596450805664, "nms": 0.015009641647338867, "overall": 2.000413417816162}}