{"text_lines": [{"x0": 464.0, "y0": 176.0, "x1": 570.0, "y1": 175.0, "x2": 571.0, "y2": 194.0, "x3": 465.0, "y3": 196.0, "score": 0.23055754277626297}, {"x0": 437.0, "y0": 101.0, "x1": 574.0, "y1": 100.0, "x2": 574.0, "y2": 118.0, "x3": 438.0, "y3": 119.0, "score": 0.22139517160244884}, {"x0": 767.0, "y0": 1701.0, "x1": 784.0, "y1": 1701.0, "x2": 782.0, "y2": 1751.0, "x3": 765.0, "y3": 1750.0, "score": 0.14366346868728}], "rtparams": {"start_time": "2018-03-24T15:25:58.599084", "image_size": "1080x1920", "working_size": "1024x1920"}, "timing": {"net": 10.335867643356323, "restore": 0.0, "nms": 0.02501702308654785, "overall": 10.364887475967407}}